{
    "$schema": "https://schema.management.azure.com/schemas/2015-01-01/deploymentParameters.json#",
    "contentVersion": "1.0.0.0",
    "parameters": {
        "location": {
            "value": "westindia"
        },
        "networkInterfaceName": {
            "value": "table2mmtemplatevm470"
        },
        "networkSecurityGroupName": {
            "value": "table2mmtemplatevm-nsg"
        },
        "networkSecurityGroupRules": {
            "value": [
                {
                    "name": "SSH",
                    "properties": {
                        "priority": 300,
                        "protocol": "TCP",
                        "access": "Allow",
                        "direction": "Inbound",
                        "sourceAddressPrefix": "*",
                        "sourcePortRange": "*",
                        "destinationAddressPrefix": "*",
                        "destinationPortRange": "22"
                    }
                }
            ]
        },
        "virtualNetworkName": {
            "value": "table2mmtemplaterg-vnet"
        },
        "addressPrefix": {
            "value": "10.1.4.0/24"
        },
        "subnetName": {
            "value": "default"
        },
        "subnetPrefix": {
            "value": "10.1.4.0/24"
        },
        "publicIpAddressName": {
            "value": "table2mmtemplatevm-ip"
        },
        "publicIpAddressType": {
            "value": "Dynamic"
        },
        "publicIpAddressSku": {
            "value": "Basic"
        },
        "virtualMachineName": {
            "value": "table2mmtemplatevm"
        },
        "virtualMachineRG": {
            "value": "table2mmtemplaterg"
        },
        "osDiskType": {
            "value": "Premium_LRS"
        },
        "virtualMachineSize": {
            "value": "Standard_D2s_v3"
        },
        "adminUsername": {
            "value": "azureops"
        },
        "adminPublicKey": {
            "value": null
        },
        "diagnosticsStorageAccountName": {
            "value": "table2mmtemplatergdiag"
        },
        "diagnosticsStorageAccountId": {
            "value": "Microsoft.Storage/storageAccounts/table2mmtemplatergdiag"
        },
        "diagnosticsStorageAccountType": {
            "value": "Standard_LRS"
        },
        "diagnosticsStorageAccountKind": {
            "value": "Storage"
        }
    }
}